1;empresa 12;grupo-6723;empresatres@gmail.com;42.063.313/0001-39;11 90334-8904;1334;rua 5;0;08090234;bairro C;poa
1;empresa 12;grupo-6723;empresatres@gmail.com;42.063.313/0001-39;11 90334-8904;1334;rua 5;0;08090234;bairro C;poa
1;empresa 12;grupo-6723;empresatres@gmail.com;42.063.313/0001-39;11 90334-8904;1334;rua 5;0;08090234;bairro C;poa
1;empresa 12;grupo-6723;empresatres@gmail.com;42.063.313/0001-39;11 90334-8904;1334;rua 5;0;08090234;bairro C;poa
1;empresa 12;grupo-6723;empresatres@gmail.com;42.063.313/0001-39;11 90334-8904;1334;rua 5;0;08090234;bairro C;poa
2;empresa 12;grupo-6723;empresatres@gmail.com;42.063.313/0001-39;11 90334-8904;1334;rua 5;0;08090234;bairro C;poa
1;empresa 12;grupo-6723;empresatres@gmail.com;42.063.313/0001-39;11 90334-8904;1334;rua 5;0;08090234;bairro C;poa
1;empresa 12;grupo-6723;empresatres@gmail.com;42.063.313/0001-39;11 90334-8904;1334;rua 5;0;08090234;bairro C;poa
2;empresa 12;grupo-6723;empresatres@gmail.com;42.063.313/0001-39;11 90334-8904;1334;rua 5;0;08090234;bairro C;poa
1;empresa 12;grupo-6723;empresatres@gmail.com;42.063.313/0001-39;11 90334-8904;1334;rua 5;0;08090234;bairro C;poa
1;empresa 12;grupo-6723;empresatres@gmail.com;42.063.313/0001-39;11 90334-8904;1334;rua 5;0;08090234;bairro C;poa
1;empresa 12;grupo-6723;empresatres@gmail.com;42.063.313/0001-39;11 90334-8904;1334;rua 5;0;08090234;bairro C;poa
1;empresa 12;grupo-6723;empresatres@gmail.com;42.063.313/0001-39;11 90334-8904;1334;rua 5;0;08090234;bairro C;poa
1;empresa 12;grupo-6723;empresatres@gmail.com;42.063.313/0001-39;11 90334-8904;1334;rua 5;0;08090234;bairro C;poa
1;empresa 12;grupo-6723;empresatres@gmail.com;42.063.313/0001-39;11 90334-8904;1334;rua 5;0;08090234;bairro C;poa
1;empresa 12;grupo-6723;empresatres@gmail.com;42.063.313/0001-39;11 90334-8904;1334;rua 5;0;08090234;bairro C;poa
1;empresa 12;grupo-6723;empresatres@gmail.com;42.063.313/0001-39;11 90334-8904;1334;rua 5;0;08090234;bairro C;poa
1;empresa 12;grupo-6723;empresatres@gmail.com;42.063.313/0001-39;11 90334-8904;1334;rua 5;0;08090234;bairro C;poa
1;empresa 12;grupo-6723;empresatres@gmail.com;42.063.313/0001-39;11 90334-8904;1334;rua 5;0;08090234;bairro C;poa
1;empresa 12;grupo-6723;empresatres@gmail.com;42.063.313/0001-39;11 90334-8904;1334;rua 5;0;08090234;bairro C;poa
2;empresa 12;grupo-6723;empresatres@gmail.com;42.063.313/0001-39;11 90334-8904;1334;rua 5;0;08090234;bairro C;poa
3;empresa 12;grupo-6723;empresatres@gmail.com;42.063.313/0001-39;11 90334-8904;1334;rua 5;0;08090234;bairro C;poa
1;empresa 12;grupo-6723;empresatres@gmail.com;42.063.313/0001-39;11 90334-8904;1334;rua 5;0;08090234;bairro C;poa
1;empresa 12;grupo-6723;empresatres@gmail.com;42.063.313/0001-39;11 90334-8904;1334;rua 5;0;08090234;bairro C;poa
1;empresa 12;grupo-6723;empresatres@gmail.com;42.063.313/0001-39;11 90334-8904;1334;rua 5;0;08090234;bairro C;poa
1;empresa 12;grupo-6723;empresatres@gmail.com;42.063.313/0001-39;11 90334-8904;1334;rua 5;0;08090234;bairro C;poa
1;empresa 12;grupo-6723;empresatres@gmail.com;42.063.313/0001-39;11 90334-8904;1334;rua 5;0;08090234;bairro C;poa
1;empresa 12;grupo-6723;empresatres@gmail.com;42.063.313/0001-39;11 90334-8904;1334;rua 5;0;08090234;bairro C;poa
1;empresa 12;grupo-6723;empresatres@gmail.com;42.063.313/0001-39;11 90334-8904;1334;rua 5;0;08090234;bairro C;poa
1;empresa 12;grupo-6723;empresatres@gmail.com;42.063.313/0001-39;11 90334-8904;1334;rua 5;0;08090234;bairro C;poa
1;empresa 12;grupo-6723;empresatres@gmail.com;42.063.313/0001-39;11 90334-8904;1334;rua 5;0;08090234;bairro C;poa
1;empresa 12;grupo-6723;empresatres@gmail.com;42.063.313/0001-39;11 90334-8904;1334;rua 5;0;08090234;bairro C;poa
2;empresa 12;grupo-6723;empresatres@gmail.com;42.063.313/0001-39;11 90334-8904;1334;rua 5;0;08090234;bairro C;poa
1;empresa 12;grupo-6723;empresatres@gmail.com;42.063.313/0001-39;11 90334-8904;1334;rua 5;0;08090234;bairro C;poa
1;empresa 12;grupo-6723;empresatres@gmail.com;42.063.313/0001-39;11 90334-8904;1334;rua 5;0;08090234;bairro C;poa
1;empresa 12;grupo-6723;empresatres@gmail.com;42.063.313/0001-39;11 90334-8904;1334;rua 5;0;08090234;bairro C;poa
1;empresa 12;grupo-6723;empresatres@gmail.com;42.063.313/0001-39;11 90334-8904;1334;rua 5;0;08090234;bairro C;poa
1;empresa 12;grupo-6723;empresatres@gmail.com;42.063.313/0001-39;11 90334-8904;1334;rua 5;0;08090234;bairro C;poa
1;empresa 12;grupo-6723;empresatres@gmail.com;42.063.313/0001-39;11 90334-8904;1334;rua 5;0;08090234;bairro C;poa
1;empresa 12;grupo-6723;empresatres@gmail.com;42.063.313/0001-39;11 90334-8904;1334;rua 5;0;08090234;bairro C;poa
1;empresa 12;grupo-6723;empresatres@gmail.com;42.063.313/0001-39;11 90334-8904;1334;rua 5;0;08090234;bairro C;poa
2;empresa 12;grupo-6723;empresatres@gmail.com;42.063.313/0001-39;11 90334-8904;1334;rua 5;0;08090234;bairro C;poa
1;empresa 12;grupo-6723;empresatres@gmail.com;42.063.313/0001-39;11 90334-8904;1334;rua 5;0;08090234;bairro C;poa
